Enter your text,output,flag,username,timestamp
"아래 정보에 기반하여 서로 다른 문제 10개를 출제해줘.

## 문제의 형식
1. 문제는 발문과 선지로 이루어져 있다.
2. 선지는 반드시 4개이고 중복 정답은 없다.
3. 모든 문제는 '모든 답이 맞다.' 혹은 '모든 답이 틀리다.', '정답이 없다.'라는 선지를 가질 수 없다.
4. 각 선지에 발문의 내용과 크게 상충되거나, 극단적으로 보여지는 내용은 사용하지 않는다.
5. 위 네가지 형식을 반드시 준수하되, 숫자가 적은 형식이 우위를 가진다.


## 문제 예시
1. 헤어세팅에 있어서 웨이브의 형상에 따라 분류하는 것으로서 크레스트가 너무 약하게 되어 리지가 눈에 잘 띄지 않은 웨이브는?

1) 버티컬 웨이브    2) 새도우 웨이브    3) 내로우 웨이브    4) 와이드 웨이브

정답: 2)새도우 웨이브","1. 피부 타입에 따른 올바른 팩의 사용법을 설명한 것은?

1) 건성 피부 - 클레이 마스크    2) 지성 피부 - 클레이 마스크    3) 노화 피부 - 벨벳 마스크    4) 여드름 피부 - 머드팩

2. 화장품 사용 시 건성피부에 옳은 방법을 설명한 것은?

1) 영양, 보습 성분이 있는 오일이나 에센스 사용    2) 알코올이 다량 함유된 토너 사용    3) 클렌저는 밀크타입이나 유분기가 있는 크림 타입 사용    4) 토익으로 보습기능이 강화된 제품 사용

3. 딥클렌징 시술과정에 대한 올바른 설명은?

1) 깨끗이 클렌징이 된 상태에서 적용    2) 필링제를 중앙에서 바깥쪽, 아래에서 위쪽으로 도포    3) 고마쥐 타입은 팩이 마른 상태에서 근육결대로 가볍게 밀어줌    4) 딥클렌징 단계에서는 수분 보충을 위해 스티머를 반드시 사용

4. 제모 시 왁스를 바르는 방향에 대한 올바른 설명은?

1) 털이 자라는 방향    2) 털이 자라는 반대 방향    3) 털이 자라는 왼쪽 방향    4) 털이 자라는 오른쪽 방향",,,2024-09-09 15:51:17.528001
